pdf,page,ocr_seconds,chars,mean_conf,n_words,stderr
codigo-penal-2005-GOE5768.pdf,0,6.737659600039478,6431,91.76827812635375,1108,
codigo-penal-2005-GOE5768.pdf,1,9.188647000002675,9913,92.16562197701872,1610,
codigo-penal-2005-GOE5768.pdf,2,8.832435099990107,9871,91.81772868253968,441,
codigo-penal-2005-GOE5768.pdf,3,9.432524400006514,10525,92.26078101334117,1724,
codigo-penal-2005-GOE5768.pdf,4,5.298024600022472,5392,90.69133293301435,836,
codigo-penal-2005-GOE5768.pdf,5,9.253435200022068,8809,91.6181613445144,1431,
codigo-penal-2005-GOE5768.pdf,6,10.199698799988255,11702,91.86436631654679,1946,
codigo-penal-2005-GOE5768.pdf,7,10.597010800032876,11446,92.23702331956065,1912,
codigo-penal-2005-GOE5768.pdf,8,10.029592900013085,10663,92.05918790348385,1751,Detected 76 diacritics
codigo-penal-2005-GOE5768.pdf,9,10.142897200013977,11530,92.27334713014766,1967,
codigo-penal-2005-GOE5768.pdf,10,9.595271500002127,10828,92.2542458357101,1753,
codigo-penal-2005-GOE5768.pdf,11,10.570194500032812,12048,92.36906149032596,1964,
codigo-penal-2005-GOE5768.pdf,12,10.479453100007959,11307,92.2260325116897,1882,
codigo-penal-2005-GOE5768.pdf,13,9.638357000018004,11261,92.43707290172792,1852,
codigo-penal-2005-GOE5768.pdf,14,10.02266779995989,11492,92.3583567993714,1909,
codigo-penal-2005-GOE5768.pdf,15,8.831670699990354,10437,92.02663725208907,1436,
codigo-penal-2005-GOE5768.pdf,16,9.349860200018156,11147,92.26185758801327,1852,
codigo-penal-2005-GOE5768.pdf,17,9.167470300046261,10728,92.06742888096552,1823,
codigo-penal-2005-GOE5768.pdf,18,9.540858299995307,11241,92.03892283286908,718,
codigo-penal-2005-GOE5768.pdf,19,10.065824999997858,12171,92.2923375991056,2013,
codigo-penal-2005-GOE5768.pdf,20,9.396602199994959,11455,92.29405951485681,1851,Detected 63 diacritics
codigo-penal-2005-GOE5768.pdf,21,10.612659199978225,11636,91.9243496748991,1984,
codigo-penal-2005-GOE5768.pdf,22,8.990745999966748,10927,91.79170335930732,924,Detected 108 diacritics
codigo-penal-2005-GOE5768.pdf,23,10.168967799982056,11830,92.38135508163266,1519,
codigo-penal-2005-GOE5768.pdf,24,10.025322899979074,11722,92.05553827158013,1981,
codigo-penal-2005-GOE5768.pdf,25,11.366105499968398,11834,92.13474813572157,1982,Detected 50 diacritics
codigo-penal-2005-GOE5768.pdf,26,9.326551000005566,11477,91.93057242121687,1923,
codigo-penal-2005-GOE5768.pdf,27,9.051267799979541,11096,91.52607108941291,1823,Detected 98 diacritics
codigo-penal-2005-GOE5768.pdf,28,9.092761899984907,11519,92.11106702229297,1884,
codigo-penal-2005-GOE5768.pdf,29,9.103595499997027,11015,92.12270130132461,1812,
codigo-penal-2005-GOE5768.pdf,30,5.609955599997193,5836,90.24760139222225,900,Detected 139 diacritics
codigo-penal-2005-GOE5768.pdf,31,3.8795551999937743,2824,88.91194559134611,416,Detected 140 diacritics
gaceta-6078-2012-06-15-extraordinaria.pdf,0,6.193029799964279,6089,90.9903115334773,926,Detected 73 diacritics
gaceta-6078-2012-06-15-extraordinaria.pdf,1,6.993636000028346,8027,91.6824910645933,1254,
gaceta-6078-2012-06-15-extraordinaria.pdf,2,6.69217460002983,7671,91.09417231517178,1193,
gaceta-6078-2012-06-15-extraordinaria.pdf,3,6.280874599993695,7214,91.75767521196137,1137,
gaceta-6078-2012-06-15-extraordinaria.pdf,4,6.204940200026613,7231,91.77305025326385,1149,
gaceta-6078-2012-06-15-extraordinaria.pdf,5,6.177221599966288,6810,91.48978178611122,1080,
gaceta-6078-2012-06-15-extraordinaria.pdf,6,5.6542377000441775,6154,90.84031543619244,956,
gaceta-6078-2012-06-15-extraordinaria.pdf,7,4.762688399991021,5328,90.58713853873658,839,
gaceta-6078-2012-06-15-extraordinaria.pdf,8,5.3918937999987975,5944,91.12556400624342,961,
gaceta-6078-2012-06-15-extraordinaria.pdf,9,6.332905699964613,7305,91.47463203492346,1174,
gaceta-6078-2012-06-15-extraordinaria.pdf,10,6.111667899996974,6901,91.61767230623309,1107,
gaceta-6078-2012-06-15-extraordinaria.pdf,11,5.269827999989502,5712,91.72645396190488,945,
gaceta-6078-2012-06-15-extraordinaria.pdf,12,5.641894200001843,5950,90.64857276174853,915,Detected 120 diacritics
gaceta-6078-2012-06-15-extraordinaria.pdf,13,5.5988021999946795,6106,90.4901215133404,937,
gaceta-6078-2012-06-15-extraordinaria.pdf,14,5.310690400016028,5813,91.30363901523405,919,
gaceta-6078-2012-06-15-extraordinaria.pdf,15,5.466221700015012,5728,90.53181954288807,921,Detected 29 diacritics
gaceta-6078-2012-06-15-extraordinaria.pdf,16,5.0740929999738,5301,90.29515515308643,810,
gaceta-6078-2012-06-15-extraordinaria.pdf,17,5.421306200034451,5831,91.64536738900858,928,Detected 71 diacritics
gaceta-6078-2012-06-15-extraordinaria.pdf,18,5.075310899992473,5500,91.3798480654627,886,
gaceta-6078-2012-06-15-extraordinaria.pdf,19,5.688324899994768,5979,91.37120781540081,948,
gaceta-6078-2012-06-15-extraordinaria.pdf,20,5.4246816000086255,5557,91.6865157074828,882,
gaceta-6078-2012-06-15-extraordinaria.pdf,21,5.7194000000017695,6086,91.35208502800836,964,
gaceta-6078-2012-06-15-extraordinaria.pdf,22,6.394148699997459,6797,91.36136963384331,1046,
gaceta-6078-2012-06-15-extraordinaria.pdf,23,6.910735899989959,5862,89.03782268706719,866,Detected 194 diacritics
gaceta-6078-2012-06-15-extraordinaria.pdf,24,6.605016700050328,6611,90.95735424205132,975,
gaceta-6078-2012-06-15-extraordinaria.pdf,25,5.859124600014184,6382,91.7627438339882,1018,
gaceta-6078-2012-06-15-extraordinaria.pdf,26,6.392033500014804,6579,90.96070981218773,1001,
gaceta-6078-2012-06-15-extraordinaria.pdf,27,5.812781099986751,6005,91.46855719601668,954,
gaceta-6078-2012-06-15-extraordinaria.pdf,28,6.1779190999805,6423,90.6212878570029,1021,
gaceta-6078-2012-06-15-extraordinaria.pdf,29,6.15534120000666,6415,91.1103865887575,1014,
gaceta-6078-2012-06-15-extraordinaria.pdf,30,6.213204099971335,6212,91.70213082670752,981,
gaceta-6078-2012-06-15-extraordinaria.pdf,31,5.312417599954642,4938,90.04654093955337,761,Detected 80 diacritics
gaceta-6078-2012-06-15-extraordinaria.pdf,32,5.555446500016842,5559,91.37021255121947,615,
gaceta-6078-2012-06-15-extraordinaria.pdf,33,6.093464899982791,6183,91.41351748920876,973,
gaceta-6078-2012-06-15-extraordinaria.pdf,34,6.629318300052546,7153,90.86242776999994,1100,
gaceta-6078-2012-06-15-extraordinaria.pdf,35,6.05787960003363,6200,91.22084263911275,992,Detected 73 diacritics
gaceta-6078-2012-06-15-extraordinaria.pdf,36,6.091938600002322,6429,91.69753073423873,1031,
gaceta-6078-2012-06-15-extraordinaria.pdf,37,4.899025499995332,5441,91.47901949718779,889,
gaceta-6078-2012-06-15-extraordinaria.pdf,38,6.099490399996284,6322,90.81331485234895,447,
gaceta-6078-2012-06-15-extraordinaria.pdf,39,6.4581079999916255,6685,90.88027976459678,1079,
gaceta-6078-2012-06-15-extraordinaria.pdf,40,6.1877681000041775,6580,91.02338701480112,1081,
gaceta-6078-2012-06-15-extraordinaria.pdf,41,6.2661364999949,6026,90.32959656862741,969,Detected 91 diacritics
gaceta-6078-2012-06-15-extraordinaria.pdf,42,7.291337199974805,7526,90.86003695039157,1149,
gaceta-6078-2012-06-15-extraordinaria.pdf,43,7.013642899983097,7219,91.84558970500444,1139,Detected 95 diacritics
gaceta-6078-2012-06-15-extraordinaria.pdf,44,6.521589699957985,6936,91.36893682533932,1105,
gaceta-6078-2012-06-15-extraordinaria.pdf,45,6.4205093999626115,6726,91.66760001742503,1033,
gaceta-6078-2012-06-15-extraordinaria.pdf,46,5.755422100017313,6073,91.71437301481481,945,
gaceta-6078-2012-06-15-extraordinaria.pdf,47,6.2602762000169605,6652,91.30720663469673,709,
gaceta-6078-2012-06-15-extraordinaria.pdf,48,5.665734699985478,5737,90.19953969508194,915,
gaceta-6078-2012-06-15-extraordinaria.pdf,49,5.443830800009891,5317,90.45088018802385,835,Detected 72 diacritics
gaceta-6078-2012-06-15-extraordinaria.pdf,50,5.384163799986709,5545,89.77020805023363,856,
gaceta-6078-2012-06-15-extraordinaria.pdf,51,5.563813499989919,5614,90.33527510201793,892,
gaceta-6078-2012-06-15-extraordinaria.pdf,52,6.380733300000429,6482,90.23955506787752,1046,
gaceta-6078-2012-06-15-extraordinaria.pdf,53,5.561161100049503,5459,91.76439242576431,916,
gaceta-6078-2012-06-15-extraordinaria.pdf,54,6.2883923999615945,6428,90.3965983275861,1044,
gaceta-6078-2012-06-15-extraordinaria.pdf,55,5.886343499994837,5963,91.75149812984303,955,
gaceta-6078-2012-06-15-extraordinaria.pdf,56,6.591842500027269,6904,91.51897028736737,1037,
gaceta-6078-2012-06-15-extraordinaria.pdf,57,6.717654399981257,6758,91.26570983858652,1047,
gaceta-6078-2012-06-15-extraordinaria.pdf,58,6.159765999997035,6528,90.76864882168184,987,
gaceta-6078-2012-06-15-extraordinaria.pdf,59,8.237585199996829,6242,90.67217799341375,911,
gaceta-6078-2012-06-15-extraordinaria.pdf,60,5.2873428000020795,5039,90.45837160000002,50,
gaceta-6078-2012-06-15-extraordinaria.pdf,61,3.690528099949006,2691,87.25619473484842,396,
gaceta-6078-2012-06-15-extraordinaria.pdf,62,1.1417063999688253,57,75.64369787499999,8,
gaceta-6078-2012-06-15-extraordinaria.pdf,63,2.449036600010004,1843,89.68062769372683,271,
